Submitted Date and Time,Institution,Category,Program,Batch,Instructor,How would you rate the overall content of the session?,Were the topics covered relevant to your needs and expectations?,Rate the clarity and depth of the information provided.,How knowledgeable was the instructor about the subject matter?,How engaging was the instructor in delivering the content?,Rate the instructor's ability to answer questions and provide explanations.,How would you rate the overall organization and flow of the session?,Rate the activities/exercises conducted during the session to understand the concepts?,Rate the overall interaction and engagement opportunities during the session.,What did you like most about the session?,What areas do you think need improvement,Email Address
2026-06-07T00:00:00,IIM Visakhapatnam,AI,EPLAI,Batch 3A,Rishi Raj,3,3,3,4,3,4,4,4,4,should cover maximum subject matters during online hours,should cover maximum subject matters during online hours,dilipan1997@yahoo.co.in
2026-06-07T00:00:00,IIM Visakhapatnam,AI,EPLAI,Batch 3A,Rishi Raj,4,4,4,4,4,4,4,3,3,new thing and something to learn more,i need data aalysis and understanding model,sandeep@warehouster.com
2026-06-07T00:00:00,IIM Visakhapatnam,AI,EPLAI,Batch 3A,Rishi Raj,4,4,3,4,4,4,3,4,4,The AI ML Pipeline real life case studies,I guess we still need some clarity on decision making as to which model / algorithms,
2026-06-07T00:00:00,IIM Visakhapatnam,AI,EPLAI,Batch 3A,Rishi Raj,4,3,4,4,3,3,4,4,5,Breakout room and interactions,"PPTs/ PDF docs which are being shared over chats, not able to receive the same. Request to reshare all PDFs PPTs shared till date",rohit.kulkarni37@yahoo.co.in
2026-06-07T00:00:00,IIM Visakhapatnam,AI,EPLAI,Batch 3A,Rishi Raj,4,4,4,4,4,4,4,4,3,The Exercise,"Being from a Non-technical background, expect the explanation to be done considering the larger audience.",suhail.fads@ymail.com
2026-06-07T00:00:00,IIM Visakhapatnam,AI,EPLAI,Batch 3A,Rishi Raj,4,1,4,5,5,5,4,5,4,Class excercise,Nothing specific,kasinandram@gmail.com
2026-06-07T00:00:00,IIM Visakhapatnam,AI,EPLAI,Batch 3A,Rishi Raj,5,4,3,5,3,4,3,4,4,Hands On,Needs some more understanding may be as followup Prof Rishi can take one example and take this to the flow,sriwastavaankur@gmail.com
2026-06-07T00:00:00,IIM Visakhapatnam,AI,EPLAI,Batch 3A,Rishi Raj,3,3,2,4,3,4,2,3,3,Examples,To bring the basic learners on same platform.,
2026-06-07T00:00:00,IIM Visakhapatnam,AI,EPLAI,Batch 3A,Rishi Raj,3,3,3,4,4,4,3,3,3,Practical exercisese,I feel few topics are taking longer time than desired. There should be a balance in theory and practical.,deepak_saxena86@yahoo.com
